tweet_id,airline_sentiment,airline_sentiment_confidence,negativereason,negativereason_confidence,airline,airline_sentiment_gold,name,negativereason_gold,retweet_count,text,tweet_coord,tweet_created,tweet_location,user_timezone,roberta_sentiment
569731104070115329,positive,1.0,,,Southwest,,JasmineDT,,1,@SouthwestAir you're my early frontrunner for best airline! #oscars2016,,2015-02-22 21:30:54 -0800,Washington D.C. ,Eastern Time (US & Canada),positive
569263373092823040,negative,1.0,Cancelled Flight,1.0,US Airways,,ElizabethFrayer,,0,@USAirways how is it that my flt to EWR was Cancelled Flightled yet flts to NYC from USAirways are still flying?,,2015-02-21 14:32:19 -0800,,,negative
568818669024907264,negative,1.0,Late Flight,0.677,Delta,,The_Radifier,,0,@JetBlue what is going on with your BDL to DCA flights yesterday and today?! Why is every single one getting delayed?,,2015-02-20 09:05:13 -0800,"Arlington, VA",Atlantic Time (Canada),negative
567775864679456768,neutral,1.0,,,Delta,,rnlewisjr,,0,"@JetBlue do they have to depart from Washington, D.C.??",,2015-02-17 12:01:29 -0800,"iPhone: 60.495510,-151.064590",Alaska,neutral
568526521910079488,negative,0.6625,Customer Service Issue,0.3394,Delta,,beantoon,,0,@JetBlue I can probably find some of them. Are the ticket #s on there?,,2015-02-19 13:44:20 -0800,"Plymouth,  MA",,neutral
570008443626647552,negative,1.0,Can't Tell,0.3477,United,,kabell87,,0,@united still waiting to hear back. My wallet was stolen from one of your planes so would appreciate a resolution here,,2015-02-23 15:52:57 -0800,,,negative
568622671287566336,negative,1.0,Cancelled Flight,0.6871,United,,stephaniefoos,,0,@united Yes my flight was rebooked. I'm just losing trust in you if I want to get anywhere on time.,"[40.69522398, -74.1760931]",2015-02-19 20:06:23 -0800,"Boston, MA",Alaska,negative
569076569983086592,neutral,1.0,,,Delta,,theycallme_HH,,0,@JetBlue Thank you ! What about Paris ? Could we arrange something from there ?,"[0.0, 0.0]",2015-02-21 02:10:01 -0800,Orleans/Tarpon Springs/London,Amsterdam,positive
568884344221081600,negative,0.6869,Can't Tell,0.3434,United,,andreamvdlg,,0,"@united not 100% sure, however my ticket included one checked bag, therefore this charge was extra and completely unanticipated.",,2015-02-20 13:26:11 -0800,Edinbrah ,Eastern Time (US & Canada),neutral
570119853312311296,positive,1.0,,,US Airways,,GrahamHaigh,,0,"@usairways great crew for flight 504 PHX to YVR tonight! Friendly, efficient. Awesome job.",,2015-02-23 23:15:40 -0800,"Vancouver, Canada",Pacific Time (US & Canada),positive
570303720308809728,negative,1.0,Customer Service Issue,1.0,US Airways,,jhazelnut,,0,@USAirways I've been on hold to change a date on a ticket for over 3 hours. Can someone please assist me? Unacceptable.,,2015-02-24 11:26:17 -0800,,,negative
569184833361936387,neutral,0.6843,,0.0,Southwest,,BavarianLin,,0,@SouthwestAir I DM'd you,"[30.26196639, -97.75945775]",2015-02-21 09:20:13 -0800,New Jersey / Munich,Eastern Time (US & Canada),neutral
568572506300243968,positive,1.0,,,Southwest,,walterbiscardi,,0,@SouthwestAir Already signed up!  Thanks!  Looking forward to trying the Southwest experience.,,2015-02-19 16:47:03 -0800,Atlanta,Eastern Time (US & Canada),positive
568975192615223296,neutral,0.6535,,0.0,Southwest,,mmillanjr,,0,@SouthwestAir it was 3472,,2015-02-20 19:27:11 -0800,,,neutral
569332237138841600,positive,0.3502,,0.0,US Airways,,MattClement,,0,@USAirways Oh well. I'll get to Cancun eventually.,,2015-02-21 19:05:57 -0800,"Troy, NY",Eastern Time (US & Canada),neutral
569346960181870592,negative,1.0,Bad Flight,0.6667,US Airways,,EllenFord,,0,@USAirways flight 837 passengers stuck on plane in Philly. Where is the gangway?  We can't hear the pilot,,2015-02-21 20:04:27 -0800,"Gloucester, MA",Quito,negative
570240246719381504,negative,1.0,Lost Luggage,1.0,American,,dianafakhouri,,0,"@AmericanAir No, had already waited an hour for it and wanted to get home.","[0.0, 0.0]",2015-02-24 07:14:04 -0800,"Chicago, IL",Eastern Time (US & Canada),neutral
569994045205803009,positive,0.7047,,0.0,Southwest,,itspr1,,0,@SouthwestAir thanks for the quick response. Should I call daily it wait the 5 days.,,2015-02-23 14:55:45 -0800,,Pacific Time (US & Canada),positive
569587048811761664,negative,1.0,Can't Tell,0.3516,Delta,,emilybholan,,0,@JetBlue now we dont have enough money for parking in your garage this is your fault and im not paying for what should be 10mins into 3hrs,,2015-02-22 11:58:29 -0800,N Y,,negative
568944962311626752,neutral,1.0,,,Delta,,BillyKace,,0,@JetBlue 266 at LGB in Sunny So Cal http://t.co/V015PK7DSi,"[33.8117407, -118.1628]",2015-02-20 17:27:04 -0800,,Pacific Time (US & Canada),neutral
569598991463268352,negative,0.7257,Flight Attendant Complaints,0.3919,American,,otisday,,0,@AmericanAir @yvonneokaka When do I get my personal response and apology for your crew's having forgotten to load baggage onto my flight?,,2015-02-22 12:45:56 -0800,Pekin,Eastern Time (US & Canada),negative
568424902287446016,negative,1.0,Flight Attendant Complaints,0.6531,Delta,,yippersNY,,0,"@JetBlue No, he didn't have more info. I was more infuriated by the way previous rep treated me. how she can possibly work as a JetBlue rep?",,2015-02-19 07:00:32 -0800,,,negative
568803218488033282,negative,1.0,Customer Service Issue,1.0,United,,Selcukatli,,0,@united is a money sucking airline with terrible terrible customer service,,2015-02-20 08:03:49 -0800,San Francisco,Eastern Time (US & Canada),negative
570118668551458816,neutral,0.6687,,0.0,American,,sherscott,,0,@AmericanAir and btwn gate a8 &amp; a15 I lost a diamond earring #dayjustgotWORSE! Pls have maintenance look for it!! http://t.co/UieSR3GHHO,,2015-02-23 23:10:57 -0800,Houston,Central Time (US & Canada),negative
569289836995190784,positive,0.7065,,,US Airways,,awitsportsfreak,,0,"@USAirways #ShoutOut 2 Kristie(sp?) from Gate4 @ PVD today. She's a #RockStar, was a tremendous help in a tough situation. #PromoteThatGirl","[41.72221977, -71.44574004]",2015-02-21 16:17:28 -0800,"Wisconsin, Arizona and...",Pacific Time (US & Canada),positive
569522479049400320,negative,1.0,Bad Flight,0.6952,US Airways,,corybronze,,3,"@USAirways My family, friends and colleagues will NEVER  fly USAir again. Bad weather happens. The good airlines seem to communicate better.",,2015-02-22 07:41:54 -0800,,,negative
567821528424845312,positive,0.6804,,0.0,Delta,,mrsmjem,,0,"@JetBlue we have just landed, thank you anyway. Btw, flight staff on flight 654 were wonderful despite their full day and heavy load.",,2015-02-17 15:02:56 -0800,CT,Quito,positive
568567970450055170,neutral,1.0,,,Delta,,markjohnson319,,0,@JetBlue @airbusintheus A320 landing @aruba_airport in February of 2014. #avgeek #warmweather https://t.co/Kaej9G0CHd,,2015-02-19 16:29:02 -0800,"Dallas, TX",,neutral
568072079096061952,neutral,1.0,,,Southwest,,cej1124,,0,"@SouthwestAir Ahhhh! Sorry, just followed.",,2015-02-18 07:38:32 -0800,"Austin, TX, USA",Central Time (US & Canada),negative
569628323443318785,negative,1.0,Can't Tell,0.3401,American,,isainsbury,,0,@AmericanAir the ticket is a poor gesture of goodwill (for missed trip) to a top status flyer - I may not next time (AA91 LHR-ORD 2/16),,2015-02-22 14:42:30 -0800,"Great Abington, Cambridge, GB",London,negative
569849295786127360,negative,0.6452,Can't Tell,0.6452,US Airways,,daknadler,,0,"@USAirways : When You've Got to Get There, We've Got Excuses! #usairwaysfail",,2015-02-23 05:20:34 -0800,Jacksonville,Eastern Time (US & Canada),negative
568198336651649027,positive,1.0,,,Delta,,GenuineJack,,0,@JetBlue I'll pass along the advice. You guys rock!!,,2015-02-18 16:00:14 -0800,Massachusetts,Central Time (US & Canada),positive
568434482270707712,positive,1.0,,,Virgin America,,heatherbeckel,,0,@VirginAmerica Just bought tix for ATX - Dallas route - thanks for adding that! Love yr airline &amp; yr website is BEST transactional site EVER,,2015-02-19 07:38:36 -0800,ATX,Central Time (US & Canada),positive
568766295761682432,positive,1.0,,,Delta,,m1ss_DefJam,,0,@JetBlue haha no need to apologize üòÅ I'll be Flight Booking Problems sooner than Late Flightr. I love JetBlue,,2015-02-20 05:37:06 -0800,Orlando - ŒúŒ£Œ•,Eastern Time (US & Canada),positive
569152201278525440,negative,1.0,Customer Service Issue,1.0,Southwest,,amyvenezia,,0,@SouthwestAir been on hold  for 2 1/2 hrs. Can't get 2 airport 4 flight icy country backroads! Help pls? Can a human answer? #BNA,,2015-02-21 07:10:33 -0800,The Universe,Pacific Time (US & Canada),negative
568945122961784833,negative,1.0,Late Flight,0.6246,Southwest,,Bob_Dickson,,0,"@SouthwestAir 14 hours????  Sorry don't get it. Oh well. Screw the weekend in Az right?  Eat the hotel, no problem.",,2015-02-20 17:27:42 -0800,,Central Time (US & Canada),negative
569243676594941953,negative,1.0,Can't Tell,0.353,United,,LisaKothari,,0,@united No wonder the cabin is filthy. #badservice,"[37.61782989, -122.39172299]",2015-02-21 13:14:03 -0800,Seattle WA,Pacific Time (US & Canada),negative
569985838689456128,negative,1.0,Cancelled Flight,0.6939,US Airways,,ciaoholly,,0,"@USAirways do you operate ANY flights without maintenance issues? Flights in/out of DCA Cancelled Flighted, this is getting old. Update fleet pls!",,2015-02-23 14:23:08 -0800,NYC,,negative
568815660815519744,negative,1.0,Can't Tell,1.0,United,,riad_otoum,,0,@united or I'm sure her business will go else where for airline travel. Her name is Kathryn Sotelo,,2015-02-20 08:53:16 -0800,"Louisville, KY",,neutral
569857037477158912,negative,1.0,Can't Tell,0.6732,US Airways,,StephanSDalal,,0,"@USAirways: I relied on US Airways, and that was my mistake. Awful customer experience.",,2015-02-23 05:51:19 -0800,,,negative
570268326250745856,negative,0.667,Cancelled Flight,0.667,American,,hooton,,0,@AmericanAir my flight to DFW from LIT on my way to PDX tomorrow was Cancelled Flighted. Can you help me?,,2015-02-24 09:05:38 -0800,"Little Rock, AR",Central Time (US & Canada),negative
569830265364701184,negative,1.0,Customer Service Issue,1.0,United,,nicoleleigh85,,0,@united very poor customer service. I WILL think again befor Flight Booking Problems another United flight.,,2015-02-23 04:04:56 -0800,Sheboygan,,negative
568450017649778688,positive,1.0,,,United,,melanie_seibert,,0,@united Joni did a great job on flight 5653 to LAX. Thanks for a great flight.,,2015-02-19 08:40:20 -0800,Texas,Central Time (US & Canada),positive
569261989735718914,negative,1.0,Damaged Luggage,1.0,United,,untalMontfort,,0,@united A broken luggage and a mild case of food poisoning from UA5 LHR-IAH. Who can I email about this?,"[19.41622708, -99.16143525]",2015-02-21 14:26:49 -0800,"Mexico City, Mexico",Central Time (US & Canada),negative
570250252382416896,neutral,1.0,,,Southwest,,kdtwill,,0,@SouthwestAir traditionally used sledge hammer - low $ taking share from driving | now scalpel approach through data science  #ANAmarketers,,2015-02-24 07:53:49 -0800,"Austin, Texas",,neutral
568828267660054528,positive,1.0,,,Southwest,,ljordan,,0,@SouthwestAir thanks for the info and the quick response!,,2015-02-20 09:43:21 -0800,"Austin, TX",Central Time (US & Canada),positive
568631189856264192,positive,1.0,,,Delta,,BorjaAngoitia1,,0,"@JetBlue Great Thank you, lets hope so! Could you please notify me if flight 2302 leaves JFK? Thank you again",,2015-02-19 20:40:14 -0800,,,positive
570018079993937920,negative,0.6482,Customer Service Issue,0.3294,United,,CharlieGMoney,,1,@united So you are inadequate by accident?,"[40.68545235, -74.18374208]",2015-02-23 16:31:15 -0800,"Chicago, IL",,negative
569117696610185217,negative,1.0,Customer Service Issue,1.0,United,,BenBell22,,0,@united coupled with self-service policies/cost cutting exacerbates the noted issues. (3/3),,2015-02-21 04:53:27 -0800,,Eastern Time (US & Canada),negative
570255201069899776,negative,1.0,Late Flight,0.6685,American,,StrongerOrgs,,0,@AmericanAir Can't unload flight #3322 because jetway is broken.  #steps #planB? #waiting nearly an hour,,2015-02-24 08:13:29 -0800,Texas,Central Time (US & Canada),negative
568056439291256832,neutral,0.6567,,0.0,United,,javadogs,,0,@united did not get names...Dallas flight and Chicago,,2015-02-18 06:36:23 -0800,,,neutral
569341641200439296,negative,1.0,Late Flight,1.0,Delta,,dgruber1700,,0,@JetBlue can we get a honest update on departure of flite 454. Been on plane with infant children,,2015-02-21 19:43:19 -0800,,,neutral
568812046747201537,negative,1.0,Lost Luggage,1.0,Virgin America,,snellbell,,1,"@VirginAmerica lost my luggage 4 days ago on flight VX 112 from LAX to IAD &amp; I'm calling every day, no response.Please give me back my stuff",,2015-02-20 08:38:54 -0800,,Quito,negative
569594026732740609,negative,1.0,Customer Service Issue,0.6275,American,,TomGasparetti,,0,@AmericanAir ahhhh your silence is golden now.  This tops it all.  Anyone get fired?,,2015-02-22 12:26:13 -0800,,,negative
570023071698055168,negative,0.6774,Bad Flight,0.3441,United,,nbhdsheila,,0,@united landed in Boston at 9 last night.  The 15 hours of traveling was rough tho.,,2015-02-23 16:51:05 -0800,Boston,Eastern Time (US & Canada),neutral
567784773780013057,positive,0.6507,,,US Airways,,Champa24,,0,@USAirways nice touch with using my first name.  Very intimate.  I'll be filing a claim soon to be reimbursed. Have a us airways day!,,2015-02-17 12:36:53 -0800,,,positive
570021075355963392,negative,0.6803,Customer Service Issue,0.6803,United,,bartha75,,0,"@united also, the mere fact that I have to go online to issue a statement vice calling and talking to some directly is one good example.","[0.0, 0.0]",2015-02-23 16:43:09 -0800,san diego,,positive
568864286266814465,positive,1.0,,,Delta,,KaylaRose__,,0,@JetBlue I will. Thank you!,,2015-02-20 12:06:29 -0800,,Eastern Time (US & Canada),positive
567820647465803776,negative,1.0,Late Flight,1.0,US Airways,,shipge,,0,@USAirways It was US 893. The gate was open after about 50 mins waiting. What a great way to finish an 18 hour delayed arrival!!,,2015-02-17 14:59:26 -0800,Chicago,Central Time (US & Canada),positive
567897030934269952,neutral,1.0,,,Delta,,mypumpkinheads,,0,@JetBlue flight 705. EWR to FLL,,2015-02-17 20:02:57 -0800,,Eastern Time (US & Canada),neutral
567729416231321600,negative,1.0,Customer Service Issue,1.0,Southwest,,laurenaddell,,0,@SouthwestAir I've been on hold with customer service for over an hour. Can you help?!,,2015-02-17 08:56:55 -0800,"New York, New York",Eastern Time (US & Canada),negative
569275566077165568,neutral,1.0,,,United,,SallyM0nster,,0,"@united hey, I missed my outbound flight - can I still use my return ticket?",,2015-02-21 15:20:46 -0800,Muswell Hill,London,negative
569380376709238784,neutral,1.0,,,Delta,,JustinRosentha,,0,@JetBlue  Alright I hope. My JetBlue app is showing a change in my seats and online shows an a320.  Don't want any surprises,,2015-02-21 22:17:15 -0800,New York,,neutral
570246490473566208,negative,0.6458,Customer Service Issue,0.6458,Southwest,,NecroticDoctor,,0,@SouthwestAir Is there a way to receive a refund on a trip that was Cancelled Flight online instead of calling? Your phone lines are super busy.,,2015-02-24 07:38:52 -0800,Trapped in Baltimore.,Atlantic Time (Canada),negative
568179591480811521,negative,0.6598,Flight Attendant Complaints,0.3608,United,,AlexSenchak,,0,@united thanks! Makes sense. Just annoying that it can't be determined better.,,2015-02-18 14:45:45 -0800,"Boston, MA ",Atlantic Time (Canada),negative
569870442388983808,negative,1.0,Customer Service Issue,0.6902,US Airways,,ashwatson3,,0,@USAirways you would rather a while plane get exposed to a nasty contagious virus then work wth me to get my flight changed to a Late Flightr date,,2015-02-23 06:44:35 -0800,,,negative
569978315072610304,neutral,1.0,,,American,,DigitalEdMom,,0,@AmericanAir 3127. Just landed in LIT.,,2015-02-23 13:53:14 -0800,Wisconsin,Central Time (US & Canada),neutral
567765690589790208,negative,1.0,Flight Attendant Complaints,0.3511,Southwest,,clarelanusse,,0,@SouthwestAir your gate agent re-routed an impossible itinerary and we had to find a new airline to get us home. Super bummed about this,,2015-02-17 11:21:03 -0800,,Pacific Time (US & Canada),negative
568437189694111744,negative,0.6513,Bad Flight,0.3288,Delta,,Tostie,,0,@JetBlue Apparently the pilot had made some announcement about engine trouble and losing fuel too quickly.,,2015-02-19 07:49:21 -0800,"Waltham, MA",Eastern Time (US & Canada),negative
568382154071089154,neutral,0.6811,,,Virgin America,,stevengcpa,,0,@VirginAmerica a brilliant brisk am in Boston in cue for vx363 http://t.co/rMZNIVGmg6,,2015-02-19 04:10:40 -0800,California,Pacific Time (US & Canada),positive
569850912451072000,negative,1.0,Customer Service Issue,0.7225,American,,whyemes,,0,@AmericanAir stiiiil waiting. Please respond as my flight leaves in 2 1/2 hrs,,2015-02-23 05:26:59 -0800,,,neutral
569691767953436674,negative,1.0,Customer Service Issue,1.0,Southwest,,GabiLieberman,,0,"@SouthwestAir I need to Cancelled Flight one leg of a flight, but can't seem to do this online. Been on hold on the phone for 10 minutes. Any help?",,2015-02-22 18:54:36 -0800,Chicago by way of California,Central Time (US & Canada),negative
569615444300185600,negative,1.0,Cancelled Flight,1.0,American,,kat_lilfish,,0,"@AmericanAir Cancelled Flights my flight, doesn't send an email, text or call. Now I'm stranded in Louisville.",,2015-02-22 13:51:19 -0800,,,negative
567874858815733761,negative,0.6465,Lost Luggage,0.6465,Delta,,Trufflebaby2,,0,@JetBlue bag is supposedly here in Boston,,2015-02-17 18:34:51 -0800,,,neutral
569966909019398144,negative,1.0,Customer Service Issue,1.0,United,,teamcrafty,,0,@united Does customer care have email or a phone rep that I can speak with? We had so many issues they can't be placed in 2000 characters?,,2015-02-23 13:07:55 -0800,Grand Rapids,Quito,negative
569341769114128386,negative,1.0,Flight Attendant Complaints,0.6666,United,,suntoshi,,0,@united the lounge tells us they have no pillows for my grandma as one of the ladies opens the closet and I see 2 right there. #unitedlies,,2015-02-21 19:43:50 -0800,"Bedford, Nh",Eastern Time (US & Canada),negative
570081513087369216,negative,1.0,Lost Luggage,1.0,American,,showbiz411,,0,@AmericanAir you are beyond redemption. Jfk. Baggage claim looks like a luggage warehouse,,2015-02-23 20:43:18 -0800,"New York, NY",Eastern Time (US & Canada),negative
568847512372514816,neutral,1.0,,,Virgin America,,crj_lll,,0,@VirginAmerica what is your policy on flying after surgery?,,2015-02-20 10:59:50 -0800,"Las Vegas, NV",Pacific Time (US & Canada),neutral
569699471954587648,negative,1.0,Late Flight,1.0,United,,bricon67,,0,@United #1758 now going in 40 min waiting for other plane to vacate gate. #findanothergate,,2015-02-22 19:25:13 -0800,"√úT: 33.987103,-118.399024",,neutral
569715860241129472,negative,1.0,Lost Luggage,1.0,American,,pet1713,,0,@AmericanAir that luggage you forgot...#mia.....he just won an oscarüòÑüíùüíùüíù,"[30.0555099, -95.165959]",2015-02-22 20:30:20 -0800,Houston TX,Eastern Time (US & Canada),positive
568807823187976193,positive,0.6667,,,Delta,,SMHillman,,0,@JetBlue I'm #MakingLoveOutofNothingAtAll on my #brandloveaffair to #LAX https://t.co/kdHRUF54sW,,2015-02-20 08:22:07 -0800,"New York, NY",Eastern Time (US & Canada),positive
570089091276128258,neutral,0.3569,,0.0,Southwest,,LaRoseKayla,,1,"@SouthwestAir you should have assigned seating, because now my cousin &amp; I probably can't sit together on our flight tomorrow.. Thanks.",,2015-02-23 21:13:25 -0800,,,negative
568482412990218241,negative,0.6667,Customer Service Issue,0.6667,US Airways,,EmmaTyrer,,0,@USAirways My flight cost me just under $800 and this is what happens? I fly with @united and have no problems. I come the US 4-5 times...,,2015-02-19 10:49:03 -0800,"Liverpool, UK",London,positive
569016065600008193,negative,1.0,Late Flight,1.0,US Airways,,scottydont11,,0,@USAirways Not only did u lose the flight plan! Now ur flight crew is FAA timed out! Thx for havin us sit on the tarmac for an hr! #Pathetic,,2015-02-20 22:09:36 -0800,"El Paso, TX",Mountain Time (US & Canada),negative
569664849522925569,negative,1.0,Flight Booking Problems,0.3709,United,,unusualcards,,0,@united I was. But I have given up.,,2015-02-22 17:07:38 -0800,"Portland, OR",,negative
569678620878376960,negative,1.0,Customer Service Issue,1.0,American,,NickLeghorn,,0,"@AmericanAir FYI twice now I've tried the ""we'll call you when someone is free"" thing. Both times it called, I picked up, then it hung up.",,2015-02-22 18:02:21 -0800,"San Antonio, TX",,neutral
569884462051418112,negative,1.0,Can't Tell,0.6887,American,,61jr,,0,"@AmericanAir - So does that mean your other flights going into Buffalo from other locations, you don't care about their safety?",,2015-02-23 07:40:18 -0800,St. Catharines,,negative
569471541554978817,negative,1.0,Cancelled Flight,0.6665,United,,SagiRoi,,0,"@united 2100$ ticket,12h biz trvl,no wifi.Missed con flt,next one#24h,missed meeting,7$ food voucher,hotel chkout#12,flt#5,no wifi#hotel",,2015-02-22 04:19:30 -0800,,,negative
569609590171676675,negative,1.0,Lost Luggage,1.0,American,,TheLoveBite,,0,@AmericanAir an hour at baggage carousel and still no luggage?? Nail in the coffin.,,2015-02-22 13:28:03 -0800,"Los Angeles, CA",Pacific Time (US & Canada),negative
570279653337927680,positive,1.0,,,American,,sundialtours,,0,"@AmericanAir ""Airport snow removal method #22...""
Keep up the good work folks, this is where Cessna's become 747's! http://t.co/oUmC1LrXDN",,2015-02-24 09:50:39 -0800,"Astoria, OR",Tijuana,positive
569667324879511552,positive,0.6596,,,Southwest,,CommDocPA,,0,@SouthwestAir That would be brighter than all the stars combined on the red carpet tonight!,,2015-02-22 17:17:28 -0800,,Eastern Time (US & Canada),positive
568472185993629696,negative,1.0,Customer Service Issue,0.6186,US Airways,,eromolizzy,,0,@USAirways I've called to resolve my dividend miles issue for a week to no avail.  Please advise ASAP.,"[40.74609464, -74.00636235]",2015-02-19 10:08:25 -0800,"County of Kings, NYC",Eastern Time (US & Canada),negative
569233554242080768,negative,1.0,Customer Service Issue,0.6664,Delta,,beachluvr104,,0,@JetBlue she's standing here on her cell no announcements no info #thismosaicnothappy,,2015-02-21 12:33:49 -0800,,Atlantic Time (Canada),neutral
569815061440679937,negative,1.0,Customer Service Issue,0.6322,US Airways,,patrickcota5,,0,"@USAirways as the employee responsible for social media content, yes u probably do care however the actions from last night say otherwise",,2015-02-23 03:04:31 -0800,,,neutral
568273310347165696,positive,0.6802,,,US Airways,,CaraModisett,,0,@USAirways Will do :),,2015-02-18 20:58:09 -0800,"Memphis, Tennessee",Central Time (US & Canada),positive
569682062787149824,neutral,0.6274,,0.0,American,,jameswester,,0,@AmericanAir And gold status too.,,2015-02-22 18:16:02 -0800,DFW,Central Time (US & Canada),neutral
569670147893383168,negative,1.0,Customer Service Issue,1.0,American,,BobTheBruin,,0,"@AmericanAir Been trying to call all day, get hung up on every time. Your guys are horrible!",,2015-02-22 17:28:41 -0800,,,negative
568923827788505088,negative,1.0,Late Flight,1.0,Southwest,,bodoughty,,0,@SouthwestAir here we go again. Delayed in Chicago why offer the 630 flight if you never intend to fly it,,2015-02-20 16:03:05 -0800,,,negative
568495601471647745,neutral,1.0,,,Southwest,,ravulapati,,0,@SouthwestAir 4467 and 152 on 2/25 and 503 and 25 on 2/26th.,,2015-02-19 11:41:28 -0800,"Round Rock, TX",Hawaii,neutral
568800389903962112,negative,1.0,Cancelled Flight,0.3467,United,,Azraellius,,0,@united haha and you have to clean a plane that was held overnight in a hangar. Sounds lovely. Also don't lie on screensand say it's weather,,2015-02-20 07:52:35 -0800,"Orlando, FL",Eastern Time (US & Canada),positive
